product_names,prices,product_types,urls
SW380S - The Legend of Zelda Tears of the Kingdom Collector's Edition (Korea Ver.),"4,180,000 ₫",Game Cho Nintendo Switch & Switch Lite,https://www.nshop.com.vn/products/zelda-tears-of-the-kingdom-collector-s-edition-switch
SW307 - It Takes Two cho Nintendo Switch,"990,000 ₫",Game Cho Nintendo Switch & Switch Lite,https://www.nshop.com.vn/products/it-takes-two-nintendo-switch
SW308 - Sifu cho Nintendo Switch,"1,100,000 ₫",Game Cho Nintendo Switch & Switch Lite,https://www.nshop.com.vn/products/sifu-vengeance-edition-nintendo-switch
SW306A - Bayonetta 3 Trinity Masquerade Edition cho Nintendo Switch,"2,950,000 ₫",Game Cho Nintendo Switch & Switch Lite,https://www.nshop.com.vn/products/bayonetta-3-trinity-masquerade-edition-nintendo-switch
SW306 - Bayonetta 3 cho Nintendo Switch,"1,250,000 ₫",Game Cho Nintendo Switch & Switch Lite,https://www.nshop.com.vn/products/bayonetta-3-cho-nintendo-switch
SW305 - DRAGON BALL THE BREAKERS cho Nintendo Switch,"900,000 ₫",Game Cho Nintendo Switch & Switch Lite,https://www.nshop.com.vn/products/dragon-ball-the-breakers-nintendo-switch
SW303 - Persona 5 Royal cho Nintendo Switch,"1,380,000 ₫",Game Cho Nintendo Switch & Switch Lite,https://www.nshop.com.vn/products/persona-5-royal-nintendo-switch
SW304 - Mario + Rabbids Sparks of Hope cho Nintendo Switch,"1,200,000 ₫",Game Cho Nintendo Switch & Switch Lite,https://www.nshop.com.vn/products/mario-rabbids-sparks-of-hope-nintendo-switch
SW302 - Sword Art Online Alicization Lycoris cho Nintendo Switch,"1,150,000 ₫",Game Cho Nintendo Switch & Switch Lite,https://www.nshop.com.vn/products/sword-art-online-alicization-lycoris-nintendo-switch
SW309 - HARVESTELLA cho Nintendo Switch,"1,300,000 ₫",Game Cho Nintendo Switch & Switch Lite,https://www.nshop.com.vn/products/harvestella-nintendo-switch
SW310 - Doraemon Story of Seasons Friends of the Great Kingdom cho Nintendo Switch,"1,180,000 ₫",Game Cho Nintendo Switch & Switch Lite,https://www.nshop.com.vn/products/doraemon-story-of-seasons-friends-of-the-great-kingdom-nintendo-switch
SW311 - Sonic Frontiers cho Nintendo Switch,"1,280,000 ₫",Game Cho Nintendo Switch & Switch Lite,https://www.nshop.com.vn/products/sonic-frontiers-nintendo-switch
SW314 - Dragon Quest Treasures cho Nintendo Switch,"1,350,000 ₫",Game Cho Nintendo Switch & Switch Lite,https://www.nshop.com.vn/products/dragon-quest-treasures-nintendo-switch
SW313 - CRISIS CORE FINAL FANTASY VII REUNION cho Nintendo Switch,"1,200,000 ₫",Game Cho Nintendo Switch & Switch Lite,https://www.nshop.com.vn/products/crisis-core-final-fantasy-vii-reunion-nintendo-switch
SW312 - Tactics Ogre Reborn cho Nintendo Switch,"1,180,000 ₫",Game Cho Nintendo Switch & Switch Lite,https://www.nshop.com.vn/products/tactics-ogre-reborn-nintendo-switch
SW315 - My Hero One's Justice 2 cho Nintendo Switch,"900,000 ₫",Game Cho Nintendo Switch & Switch Lite,https://www.nshop.com.vn/products/my-hero-one-s-justice-2-cho-nintendo-switch
SW316 - Fire Emblem Engage cho Nintendo Switch,"1,280,000 ₫",Game Cho Nintendo Switch & Switch Lite,https://www.nshop.com.vn/products/fire-emblem-engage-nintendo-switch
SW317 - Cuphead cho Nintendo Switch,"1,050,000 ₫",Game Cho Nintendo Switch & Switch Lite,https://www.nshop.com.vn/products/cuphead-nintendo-switch
SW318 - Digimon World Next Order cho Nintendo Switch,"1,250,000 ₫",Game Cho Nintendo Switch & Switch Lite,https://www.nshop.com.vn/products/digimon-world-next-order-nintendo-switch
SW319 - Kirby's Return to Dream Land Deluxe cho Nintendo Switch,"1,250,000 ₫",Game Cho Nintendo Switch & Switch Lite,https://www.nshop.com.vn/products/kirby-s-return-to-dream-land-deluxe-nintendo-switch
SW320 - Metroid Prime Remastered cho Nintendo Switch,"1,050,000 ₫",Game Cho Nintendo Switch & Switch Lite,https://www.nshop.com.vn/products/metroid-prime-remastered-nintendo-switch
SW322 - Octopath Traveler II cho Nintendo Switch,"1,250,000 ₫",Game Cho Nintendo Switch & Switch Lite,https://www.nshop.com.vn/products/sw322-octopath-traveler-ii-nintendo-switch
SW323 - The Legend of Heroes Trails to Azure Deluxe Edition cho Nintendo Switch,"1,180,000 ₫",Game Cho Nintendo Switch & Switch Lite,https://www.nshop.com.vn/products/the-legend-of-heroes-trails-to-azure-deluxe-edition-nintendo-switch
SW265 - Grand Theft Auto The Trilogy The Definitive Edition GTA cho Nintendo Switch,"1,080,000 ₫",Game Cho Nintendo Switch & Switch Lite,https://www.nshop.com.vn/products/grand-theft-auto-trilogy-gta-nintendo-switch
SW267 - Triangle Strategy cho Nintendo Switch,"1,380,000 ₫",Game Cho Nintendo Switch & Switch Lite,https://www.nshop.com.vn/products/triangle-strategy-nintendo-switch
SW270 - Rune Factory 5 cho Nintendo Switch,"1,350,000 ₫",Game Cho Nintendo Switch & Switch Lite,https://www.nshop.com.vn/products/rune-factory-5-cho-nintendo-switch
SW269 - Kirby and the Forgotten Land cho Nintendo Switch,"1,180,000 ₫",Game Cho Nintendo Switch & Switch Lite,https://www.nshop.com.vn/products/kirby-and-the-forgotten-land-nintendo-switch
SW268 - Chocobo GP cho Nintendo Switch,"990,000 ₫",Game Cho Nintendo Switch & Switch Lite,https://www.nshop.com.vn/products/chocobo-gp-nintendo-switch
SW266 - Assassin's Creed The Ezio Collection cho Nintendo Switch,"850,000 ₫",Game Cho Nintendo Switch & Switch Lite,https://www.nshop.com.vn/products/assassins-creed-ezio-collection-nintendo-switch
SW272 - Nintendo Switch Sports cho Nintendo Switch,"1,200,000 ₫",Game Cho Nintendo Switch & Switch Lite,https://www.nshop.com.vn/products/nintendo-switch-sports
SW275 - Chrono Cross The Radical Dreamers Edition cho Nintendo Switch,"990,000 ₫",Game Cho Nintendo Switch & Switch Lite,https://www.nshop.com.vn/products/chrono-cross-the-radical-dreamers-nintendo-switch
SW273 - Sniper Elite 4 cho Nintendo Switch,"990,000 ₫",Game Cho Nintendo Switch & Switch Lite,https://www.nshop.com.vn/products/sniper-elite-4-nintendo-switch
SW321 - Tales of Symphonia Remastered cho Nintendo Switch,"1,050,000 ₫",Game Cho Nintendo Switch & Switch Lite,https://www.nshop.com.vn/products/tales-of-symphonia-remastered-nintendo-switch
SW277 - Mario Strikers Battle League cho Nintendo Switch,"1,300,000 ₫",Game Cho Nintendo Switch & Switch Lite,https://www.nshop.com.vn/products/mario-strikers-battle-league-nintendo-switch
SW276 - Demon Slayer Kimetsu no Yaiba The Hinokami Chronicles cho Nintendo Switch,"1,250,000 ₫",Game Cho Nintendo Switch & Switch Lite,https://www.nshop.com.vn/products/demon-slayer-kimetsu-no-yaiba-hinokami-chronicles-nintendo-switch
SW274 - THE HOUSE OF THE DEAD Remake cho Nintendo Switch,"980,000 ₫",Game Cho Nintendo Switch & Switch Lite,https://www.nshop.com.vn/products/the-house-of-the-dead-remake
SW278 - Fire Emblem Warriors Three Hopes cho Nintendo Switch,"1,280,000 ₫",Game Cho Nintendo Switch & Switch Lite,https://www.nshop.com.vn/products/fire-emblem-warriors-three-hopes-nintendo-switch
SW279 - Monster Hunter Rise Sunbreak cho Nintendo Switch,"1,580,000 ₫",Game Cho Nintendo Switch & Switch Lite,https://www.nshop.com.vn/products/monster-hunter-rise-sunbreak-nintendo-switch
SW282 - Live A Live cho Nintendo Switch,"1,050,000 ₫",Game Cho Nintendo Switch & Switch Lite,https://www.nshop.com.vn/products/live-a-live-cho-nintendo-switch
SW281 - Klonoa Phantasy Reverie Series cho Nintendo Switch,"1,080,000 ₫",Game Cho Nintendo Switch & Switch Lite,https://www.nshop.com.vn/products/klonoa-phantasy-reverie-series-nintendo-switch
SW284 - Ori The Collection cho Nintendo Switch,"1,150,000 ₫",Game Cho Nintendo Switch & Switch Lite,https://www.nshop.com.vn/products/ori-the-collection-cho-nintendo-switch
SW264 - Dynasty Warriors 9 Empires cho Nintendo Switch,"1,180,000 ₫",Game Cho Nintendo Switch & Switch Lite,https://www.nshop.com.vn/products/dynasty-warriors-9-empires-nintendo-switch
SW283 - Life Is Strange True Colors cho Nintendo Switch,"1,150,000 ₫",Game Cho Nintendo Switch & Switch Lite,https://www.nshop.com.vn/products/life-is-strange-true-colors-cho-nintendo-switch
SW286 - Xenoblade Chronicles 3 cho Nintendo Switch,"1,280,000 ₫",Game Cho Nintendo Switch & Switch Lite,https://www.nshop.com.vn/products/xenoblade-chronicles-3-nintendo-switch
SW226 - Monster Hunter Rise cho Nintendo Switch,"1,100,000 ₫",Game Cho Nintendo Switch & Switch Lite,https://www.nshop.com.vn/products/monster-hunter-rise-nintendo-switch
SW228 - Overcooked! All You Can Eat,"990,000 ₫",Game Cho Nintendo Switch & Switch Lite,https://www.nshop.com.vn/products/overcooked-all-you-can-eat-nintendo-switch
SW227A - Story of Seasons Pioneers of Olive Town cho Nintendo Switch,"1,300,000 ₫",Game Cho Nintendo Switch & Switch Lite,https://www.nshop.com.vn/products/story-of-seasons-pioneers-of-olive-town-nintendo-switch
SW229 - The Legend of Heroes: Trails of Cold Steel IV Frontline Edition,"1,400,000 ₫",Game Cho Nintendo Switch & Switch Lite,https://www.nshop.com.vn/products/the-legend-of-heroes-trails-of-cold-steel-iv-nintendo-switch
SW232 - Puyo Puyo Tetris 2 cho Nintendo Switch,"1,080,000 ₫",Game Cho Nintendo Switch & Switch Lite,https://www.nshop.com.vn/products/puyo-puyo-tetris-2-nintendo-switch
SW231 - Crash Bandicoot 4 It’s About Time cho Nintendo Switch,"1,080,000 ₫",Game Cho Nintendo Switch & Switch Lite,https://www.nshop.com.vn/products/crash-bandicoot-4-nintendo-switch
SW233 - Final Fantasy IX cho Nintendo Switch,"990,000 ₫",Game Cho Nintendo Switch & Switch Lite,https://www.nshop.com.vn/products/final-fantasy-ix-nintendo-switch
SW227B - Story of Seasons Pioneers of Olive Town Premium Edition cho Nintendo Switch,"1,990,000 ₫",Game Cho Nintendo Switch & Switch Lite,https://www.nshop.com.vn/products/story-of-seasons-pioneers-of-olive-town-premium-nintendo-switch
SW234 - Plants vs Zombies Battle for Neighborville Complete Edition cho Nintendo Switch,"880,000 ₫",Game Cho Nintendo Switch & Switch Lite,https://www.nshop.com.vn/products/plants-vs-zombies-battle-for-neighborville-switch
SW235 - Hades cho Nintendo Switch,"1,080,000 ₫",Game Cho Nintendo Switch & Switch Lite,https://www.nshop.com.vn/products/hades-nintendo-switch
SW237 - Miitopia cho Nintendo Switch,"1,200,000 ₫",Game Cho Nintendo Switch & Switch Lite,https://www.nshop.com.vn/products/miitopia-nintendo-switch
SW238 - Ninja Gaiden Master Collection cho Nintendo Switch,"1,200,000 ₫",Game Cho Nintendo Switch & Switch Lite,https://www.nshop.com.vn/products/ninja-gaiden-master-collection-nintendo-switch
SW236 - New Pokemon Snap cho Nintendo Switch,"1,350,000 ₫",Game Cho Nintendo Switch & Switch Lite,https://www.nshop.com.vn/products/new-pokemon-snap-nintendo-switch
SW241 - Mario Golf Super Rush cho Nintendo Switch,"1,250,000 ₫",Game Cho Nintendo Switch & Switch Lite,https://www.nshop.com.vn/products/mario-golf-super-rush-nintendo-switch
SW239 - Disgaea 6 Defiance of Destiny cho Nintendo Switch,"1,350,000 ₫",Game Cho Nintendo Switch & Switch Lite,https://www.nshop.com.vn/products/disgaea-6-nintendo-switch
SW245 - Dragon Ball Z Kakarot + A New Power Awakens Set cho Nintendo Switch,"1,080,000 ₫",Game Cho Nintendo Switch & Switch Lite,https://www.nshop.com.vn/products/dragon-ball-z-kakarot-nintendo-switch
SW246 - Samurai Warriors 5 cho Nintendo Switch,"1,100,000 ₫",Game Cho Nintendo Switch & Switch Lite,https://www.nshop.com.vn/products/samurai-warriors-5-nintendo-switch
SW243 - The Legend of Zelda Skyward Sword HD cho Nintendo Switch,"1,280,000 ₫",Game Cho Nintendo Switch & Switch Lite,https://www.nshop.com.vn/products/zelda-skyward-sword-hd-nintendo-switch
SW242 - Monster Hunter Stories 2 Wings of Ruin cho Nintendo Switch,"1,380,000 ₫",Game Cho Nintendo Switch & Switch Lite,https://www.nshop.com.vn/products/monster-hunter-stories-2-nintendo-switch
SW174 - Animal Crossing: New Horizons cho Nintendo Switch,-16%,Game Cho Nintendo Switch & Switch Lite,https://www.nshop.com.vn/products/animal-crossing-new-horizons-nintendo-switch
SW175 - One Piece Pirate Warriors 4 cho Nintendo Switch,"1,250,000 ₫",Game Cho Nintendo Switch & Switch Lite,https://www.nshop.com.vn/products/one-piece-pirate-warriors-4-nintendo-switch
SW178 - Trials of Mana cho Nintendo Switch,"880,000 ₫",Game Cho Nintendo Switch & Switch Lite,https://www.nshop.com.vn/products/trials-of-mana-nintendo-switch
SW176 - Cooking Mama Cookstar cho Nintendo Switch,"990,000 ₫",Game Cho Nintendo Switch & Switch Lite,https://www.nshop.com.vn/products/cooking-mama-cookstar-nintendo-switch
SW181 - Mega Man Zero/ZX Legacy Collection cho Nintendo Switch,"890,000 ₫",Game Cho Nintendo Switch & Switch Lite,https://www.nshop.com.vn/products/mega-man-zero-zx-legacy-nintendo-switch
SW179 - Naruto Shippuden: Ultimate Ninja Storm 4 Road to Boruto cho Nintendo Switch,"1,350,000 ₫",Game Cho Nintendo Switch & Switch Lite,https://www.nshop.com.vn/products/naruto-shippuden-ultimate-ninja-storm-4-road-to-boruto-nintendo-switch
SW180 - Moving Out cho Nintendo Switch,"750,000 ₫",Game Cho Nintendo Switch & Switch Lite,https://www.nshop.com.vn/products/moving-out-nintendo-switch
SW183A - Xenoblade Chronicles Definitive Edition cho Nintendo Switch,"1,300,000 ₫",Game Cho Nintendo Switch & Switch Lite,https://www.nshop.com.vn/products/xenoblade-nintendo-switch
SW185 - Borderlands Legendary Collection cho Nintendo Switch,"790,000 ₫",Game Cho Nintendo Switch & Switch Lite,https://www.nshop.com.vn/products/borderlands-nintendo-switch
SW186 - Clubhouse Games 51 Worldwide Classics cho Nintendo Switch,"990,000 ₫",Game Cho Nintendo Switch & Switch Lite,https://www.nshop.com.vn/products/clubhouse-games-51-worldwide-classics-nintendo-switch
SW184 - BioShock The Collection cho Nintendo Switch,"1,150,000 ₫",Game Cho Nintendo Switch & Switch Lite,https://www.nshop.com.vn/products/bioshock-nintendo-switch
SW189 - Story of Seasons Friends of Mineral Town cho Nintendo Switch,"1,180,000 ₫",Game Cho Nintendo Switch & Switch Lite,https://www.nshop.com.vn/products/story-of-seasons-friends-of-mineral-town-nintendo-switch
SW191 - Paper Mario The Origami King cho Nintendo Switch,"1,350,000 ₫",Game Cho Nintendo Switch & Switch Lite,https://www.nshop.com.vn/products/paper-mario-origami-king-nintendo-switch
SW247A - Metroid Dread cho Nintendo Switch,"1,300,000 ₫",Game Cho Nintendo Switch & Switch Lite,https://www.nshop.com.vn/products/metroid-dread-nintendo-switch
SW187 - The Legend of Heroes Trails of Cold Steel III Extracurricular Edition cho Nintendo Switch,"1,080,000 ₫",Game Cho Nintendo Switch & Switch Lite,https://www.nshop.com.vn/products/legend-of-heroes-trails-of-cold-steel-iii-nintendo-switch
SW195 - Resident Evil Origins Collection cho Nintendo Switch,"950,000 ₫",Game Cho Nintendo Switch & Switch Lite,https://www.nshop.com.vn/products/resident-evil-origins-nintendo-switch
SW198 - XCOM 2 Collection cho Nintendo Switch,"1,080,000 ₫",Game Cho Nintendo Switch & Switch Lite,https://www.nshop.com.vn/products/xcom-2-collection-nintendo-switch
SW196 - Shovel Knight Treasure Trove cho Nintendo Switch,"850,000 ₫",Game Cho Nintendo Switch & Switch Lite,https://www.nshop.com.vn/products/shovel-knight-treasure-trove-nintendo-switch
"SW199 - Warhammer 40,000 Mechanicus cho Nintendo Switch","950,000 ₫",Game Cho Nintendo Switch & Switch Lite,https://www.nshop.com.vn/products/warhammer-40000-mechanicus-nintendo-switch
SW194 - Brigandine The Legend of Runersia cho Nintendo Switch,"1,480,000 ₫",Game Cho Nintendo Switch & Switch Lite,https://www.nshop.com.vn/products/brigandine-legend-of-runersia-nintendo-switch
SW107 - Super Mario Maker 2 cho Nintendo Switch,"1,280,000 ₫",Game Cho Nintendo Switch & Switch Lite,https://www.nshop.com.vn/products/super-mario-maker-2-nintendo-switch
SW173 - Disgaea 4 Complete+ cho Nintendo Switch,"1,150,000 ₫",Game Cho Nintendo Switch & Switch Lite,https://www.nshop.com.vn/products/disgaea-4-complete-nintendo-switch
SW114 - Marvel Ultimate Alliance 3: The Black Order cho Nintendo Switch,"1,300,000 ₫",Game Cho Nintendo Switch & Switch Lite,https://www.nshop.com.vn/products/marvel-ultimate-alliance-3-black-order-nintendo-switch
SW108 - Bloodstained: Ritual of the Night cho Nintendo Switch,"990,000 ₫",Game Cho Nintendo Switch & Switch Lite,https://www.nshop.com.vn/products/bloodstained-ritual-of-the-night-nintendo-switch
SW118 - Team Sonic Racing cho Nintendo Switch,"880,000 ₫",Game Cho Nintendo Switch & Switch Lite,https://www.nshop.com.vn/products/team-sonic-racing-nintendo-switch
SW112 - Dragon Quest Builders 2 cho Nintendo Switch,-9%,Game Cho Nintendo Switch & Switch Lite,https://www.nshop.com.vn/products/dragon-quest-builders-2-nintendo-switch
SW117 - Hollow Knight cho Nintendo Switch,"990,000 ₫",Game Cho Nintendo Switch & Switch Lite,https://www.nshop.com.vn/products/hollow-knight-cho-nintendo-switch
SW119 - Fire Emblem: Three Houses cho Nintendo Switch,"1,350,000 ₫",Game Cho Nintendo Switch & Switch Lite,https://www.nshop.com.vn/products/fire-emblem-three-houses-nintendo-switch
SW122 - Yu-Gi-Oh! Legacy of the Duelist: Link Evolution cho Nintendo Switch,"950,000 ₫",Game Cho Nintendo Switch & Switch Lite,https://www.nshop.com.vn/products/yugioh-legacy-of-the-duelist-link-evolution-cho-nintendo-switch
SW120 - Astral Chain cho Nintendo Switch,"1,280,000 ₫",Game Cho Nintendo Switch & Switch Lite,https://www.nshop.com.vn/products/astral-chain-cho-nintendo-switch
SW124 - Sword Art Online Fatal Bullet Complete Edition cho Nintendo Switch,"900,000 ₫",Game Cho Nintendo Switch & Switch Lite,https://www.nshop.com.vn/products/sword-art-online-fatal-bullet-nintendo-switch
SW126 - Daemon X Machina cho Nintendo Switch,"1,280,000 ₫",Game Cho Nintendo Switch & Switch Lite,https://www.nshop.com.vn/products/daemon-x-machina-nintendo-switch
SW127B - The Legend of Zelda: Link's Awakening kèm Steel Book cho Nintendo Switch,-6%,Game Cho Nintendo Switch & Switch Lite,https://www.nshop.com.vn/products/zelda-link-s-awakening-steelbook-nintendo-switch
SW121 - Oninaki cho Nintendo Switch,"1,200,000 ₫",Game Cho Nintendo Switch & Switch Lite,https://www.nshop.com.vn/products/oninaki-nintendo-switch
SW128 - Ni no Kuni: Wrath of the White Witch cho Nintendo Switch,"1,080,000 ₫",Game Cho Nintendo Switch & Switch Lite,https://www.nshop.com.vn/products/ni-no-kuni-nintendo-switch
SW134 - Super Robot Wars V cho Nintendo Switch,"1,380,000 ₫",Game Cho Nintendo Switch & Switch Lite,https://www.nshop.com.vn/products/super-robot-wars-v-nintendo-switch
SW131 - Dragon Quest XI S: Echoes of an Elusive Age – Definitive Edition cho Nintendo Switch,"1,180,000 ₫",Game Cho Nintendo Switch & Switch Lite,https://www.nshop.com.vn/products/dragon-quest-xi-s-nintendo-switch
SW127A - The Legend of Zelda: Link's Awakening cho Nintendo Switch,-8%,Game Cho Nintendo Switch & Switch Lite,https://www.nshop.com.vn/products/zelda-links-awakening-nintendo-switch
SW137 - The Witcher 3 Wild Hunt cho Nintendo Switch (Complete Edition),"1,250,000 ₫",Game Cho Nintendo Switch & Switch Lite,https://www.nshop.com.vn/products/the-witcher-3-nintendo-switch
SW127D - Hộp thiếc game The Legend of Zelda: Link's Awakening,"300,000 ₫",Phụ kiện Nintendo Switch,https://www.nshop.com.vn/products/hop-thiec-zelda-link-s-awakening
SW138 - Ring Fit Adventure cho Nintendo Switch,"1,990,000 ₫",Game Cho Nintendo Switch & Switch Lite,https://www.nshop.com.vn/products/ring-fit-adventure-nintendo-switch
SW048 - Street Fighter 30th Anniversary Collection,"850,000 ₫",Game Cho Nintendo Switch & Switch Lite,https://www.nshop.com.vn/products/street-fighter-30th-anniversary-collection-switch
SW053 - Crash Bandicoot n Sane Trilogy cho máy Nintendo Switch,"990,000 ₫",Game Cho Nintendo Switch & Switch Lite,https://www.nshop.com.vn/products/crash-bandicoor-n-sane-trilogy-for-nintendo-switch
SW139 - Trine: Ultimate Collection cho Nintendo Switch,"1,150,000 ₫",Game Cho Nintendo Switch & Switch Lite,https://www.nshop.com.vn/products/trine-ultimate-collection-nintendo-switch
SW049 - Mario Tennis Aces,"1,180,000 ₫",Game Cho Nintendo Switch & Switch Lite,https://www.nshop.com.vn/products/mario-tennis-aces-switch
SW051 - Minecraft cho Nintendo Switch,"850,000 ₫",Game Cho Nintendo Switch & Switch Lite,https://www.nshop.com.vn/products/minecraft-nintendo-switch
SW054 - Octopath Traveler,"1,280,000 ₫",Game Cho Nintendo Switch & Switch Lite,https://www.nshop.com.vn/products/octopath-traveler-switch
SW055 - Captain Toad: Treasure Tracker for Nintendo Switch,"990,000 ₫",Game Cho Nintendo Switch & Switch Lite,https://www.nshop.com.vn/products/captain-toad-treasure-tracker-nintendo-switch
SW056 - Mega Man X Legacy Collection 1 + 2 cho Nintendo Switch,"850,000 ₫",Game Cho Nintendo Switch & Switch Lite,https://www.nshop.com.vn/products/mega-man-x-legacy-collection-1-2-nintendo-switch
SW057 - Sushi Striker: The Way of Sushido cho Nintendo Switch,"650,000 ₫",Game Cho Nintendo Switch & Switch Lite,https://www.nshop.com.vn/products/sushi-striker-the-way-of-sushido-cho-nintendo-switch
SW062 - Monster Hunter Generations Ultimate cho Nintendo Switch,"990,000 ₫",Game Cho Nintendo Switch & Switch Lite,https://www.nshop.com.vn/products/monster-hunter-generations-ultimate-nintendo-switch
SW058 - Taiko no Tatsujin: Nintendo Switch Version!,"1,150,000 ₫",Game Cho Nintendo Switch & Switch Lite,https://www.nshop.com.vn/products/taiko-no-tatsujin-nintendo-switch
SW065 - Xenoblade Chronicles 2: Torna - The Golden Country cho Nintendo Switch,"950,000 ₫",Game Cho Nintendo Switch & Switch Lite,https://www.nshop.com.vn/products/xenoblade-chronicles-2-torna-golden-country-nintendo-switch
SW069 - Mega Man 11 cho Nintendo Switch,"800,000 ₫",Game Cho Nintendo Switch & Switch Lite,https://www.nshop.com.vn/products/mega-man-11-cho-nintendo-switch
SW070 - Super Mario Party cho Nintendo Switch,"1,350,000 ₫",Game Cho Nintendo Switch & Switch Lite,https://www.nshop.com.vn/products/super-mario-party-nintendo-switch
SW074 - Diablo 3 Eternal Collection cho Nintendo Switch,"990,000 ₫",Game Cho Nintendo Switch & Switch Lite,https://www.nshop.com.vn/products/diablo-3-eternal-collection-nintendo-switch
"SW077A - Pokemon: Let's Go, Pikachu!",-5%,Game Cho Nintendo Switch & Switch Lite,https://www.nshop.com.vn/products/pokemon-lets-go-pikachu-nintendo-switch
SW073 - Dark Souls Remastered cho Nintendo Switch,"1,080,000 ₫",Game Cho Nintendo Switch & Switch Lite,https://www.nshop.com.vn/products/dark-souls-remastered-nintendo-switch
"SW077B - Pokemon: Let's Go, Eevee!",-5%,Game Cho Nintendo Switch & Switch Lite,https://www.nshop.com.vn/products/pokemon-lets-go-eevee-nintendo-switch
SW068 - Dragon Ball FighterZ cho Nintendo Switch,"990,000 ₫",Game Cho Nintendo Switch & Switch Lite,https://www.nshop.com.vn/products/dragon-ball-fighterz-cho-nintendo-switch
SW047 - LEGO Marvel Super Heroes 2,"850,000 ₫",Game Cho Nintendo Switch & Switch Lite,https://www.nshop.com.vn/products/lego-marvel-superheroes-2-switch
SW083 - New Super Mario Bros. U Deluxe cho Nintendo Switch,"1,280,000 ₫",Game Cho Nintendo Switch & Switch Lite,https://www.nshop.com.vn/products/new-super-mario-bros-u-deluxe-nintendo-switch
SW080 - Super Smash Bros. Ultimate cho Nintendo Switch,"1,350,000 ₫",Game Cho Nintendo Switch & Switch Lite,https://www.nshop.com.vn/products/super-smash-bros-ultimate-nintendo-switch
GSW152 - Dr Kawashima's Brain Training cho Nintendo Switch,"950,000 ₫",Game Cho Nintendo Switch & Switch Lite,https://www.nshop.com.vn/products/dr-kawashima-s-brain-training-nintendo-switch
GSW153 - Tokyo Mirage Sessions #FE Encore cho Nintendo Switch,"880,000 ₫",Game Cho Nintendo Switch & Switch Lite,https://www.nshop.com.vn/products/tokyo-mirage-sessions-fe-encore-nintendo-switch
GSW156 - Metro Redux cho Nintendo Switch,"990,000 ₫",Game Cho Nintendo Switch & Switch Lite,https://www.nshop.com.vn/products/metro-redux-nintendo-switch
GSW155 - Darksiders Genesis cho Nintendo Switch,"790,000 ₫",Game Cho Nintendo Switch & Switch Lite,https://www.nshop.com.vn/products/darksiders-genesis-nintendo-switch
GSW159 - Rune Factory 4 Special cho Nintendo Switch,"950,000 ₫",Game Cho Nintendo Switch & Switch Lite,https://www.nshop.com.vn/products/rune-factory-4-special-nintendo-switch
GSW160 - Devil May Cry Triple Pack cho Nintendo Switch,"1,200,000 ₫",Game Cho Nintendo Switch & Switch Lite,https://www.nshop.com.vn/products/devil-may-cry-triple-nintendo-switch
GSW280 - Rabbids Party of Legends cho Nintendo Switch,"850,000 ₫",Game Cho Nintendo Switch & Switch Lite,https://www.nshop.com.vn/products/rabbids-party-of-legends-cho-nintendo-switch
Hộp thiếc - Steel Book Pokemon Sword & Pokemon Shield,"350,000 ₫",Game Cho Nintendo Switch & Switch Lite,https://www.nshop.com.vn/products/steel-book-pokemon-sword-shield
GSW161 - Fishing Star World Tour Reel Fishing Rod Bundle cho Nintendo Switch,"1,250,000 ₫",Game Cho Nintendo Switch & Switch Lite,https://www.nshop.com.vn/products/fishing-star-world-tour-reel-rod-nintendo-switch
Hộp thiếc Steel Book Pokemon Violet - hàng sưu tập chính hãng,"300,000 ₫",Phụ kiện Nintendo Switch,https://www.nshop.com.vn/products/hop-thiec-steel-book-pokemon-violet
Hộp thiếc Steel Book Pokemon Scarlet - hàng sưu tập chính hãng,"300,000 ₫",Phụ kiện Nintendo Switch,https://www.nshop.com.vn/products/hop-thiec-steel-book-pokemon-scarlet
Life is Strange Arcadia Bay Collection cho Nintendo Switch,"990,000 ₫",Game Cho Nintendo Switch & Switch Lite,https://www.nshop.com.vn/products/life-is-strange-arcadia-bay-collection-cho-nintendo-switch
Hộp thiếc Steel Book Double Pack Pokemon Scarlet & Violet,"300,000 ₫",Phụ kiện Nintendo Switch,https://www.nshop.com.vn/products/hop-thiec-steel-book-double-pack-pokemon-scarlet-violet
SW001 - THE LEGEND OF ZELDA: BREATH OF THE WILD,"1,180,000 ₫",Game Cho Nintendo Switch & Switch Lite,https://www.nshop.com.vn/products/legend-of-zelda-breath-of-wild
Fatal Frame Maiden of Black Water cho Nintendo Switch,"1,150,000 ₫",Game Cho Nintendo Switch & Switch Lite,https://www.nshop.com.vn/products/fatal-frame-maiden-of-black-water-cho-nintendo-switch
GSW145 - Mario & Sonic at the Olympic Games Tokyo 2020 cho Nintendo Switch,"990,000 ₫",Game Cho Nintendo Switch & Switch Lite,https://www.nshop.com.vn/products/mario-sonic-at-the-olympic-games-tokyo-2020-nintendo-switch
GSW147 - Zumba Burn It Up! cho Nintendo Switch,"850,000 ₫",Game Cho Nintendo Switch & Switch Lite,https://www.nshop.com.vn/products/zumba-burn-it-up-nintendo-switch
GSW151 - Assassin's Creed: The Rebel Collection cho Nintendo Switch,"850,000 ₫",Game Cho Nintendo Switch & Switch Lite,https://www.nshop.com.vn/products/assassin-s-creed-rebel-nintendo-switch
GSW149 - Final Fantasy VII + VIII cho Nintendo Switch,"990,000 ₫",Game Cho Nintendo Switch & Switch Lite,https://www.nshop.com.vn/products/gsw149-final-fantasy-vii-viii-cho-nintendo-switch
SW007 - ARMS - Game boxing cho Nintendo Switch,"1,300,000 ₫",Game Cho Nintendo Switch & Switch Lite,https://www.nshop.com.vn/products/arms-nintendo-switch
SW005 - MARIO KART 8 DELUXE,"1,300,000 ₫",Game Cho Nintendo Switch & Switch Lite,https://www.nshop.com.vn/products/mario-kart-8-deluxe
SW006 - ULTRA STREET FIGHTER II: THE FINAL CHALLENGERS,"880,000 ₫",Game Cho Nintendo Switch & Switch Lite,https://www.nshop.com.vn/products/ultra-street-fighter-ii-the-final-challengers
SW010 - POKKEN TOURNAMENT DX​ cho Nintendo Switch,"1,350,000 ₫",Game Cho Nintendo Switch & Switch Lite,https://www.nshop.com.vn/products/pokken-tournament-dx
SW009B - Mario + Rabbids Kingdom Battle,"680,000 ₫",Game Cho Nintendo Switch & Switch Lite,https://www.nshop.com.vn/products/mario-rabbids-kingdom-battle-nintendo-switch
SW011 - RAYMAN LEGENDS DEFINITIVE EDITION,"750,000 ₫",Game Cho Nintendo Switch & Switch Lite,https://www.nshop.com.vn/products/rayman-legends-definitive-edition
SW015 - FIRE EMBLEM WARRIORS,"880,000 ₫",Game Cho Nintendo Switch & Switch Lite,https://www.nshop.com.vn/products/fire-emblem-warriors-switch
SW013 - DRAGON BALL XENOVERSE 2,"850,000 ₫",Game Cho Nintendo Switch & Switch Lite,https://www.nshop.com.vn/products/dragon-ball-xenoverse-2-switch
SW016 - SUPER MARIO ODYSSEY,"1,250,000 ₫",Game Cho Nintendo Switch & Switch Lite,https://www.nshop.com.vn/products/super-mario-odyssey
SW020 - Hasbro Game Night cho Nintendo Switch,"750,000 ₫",Game Cho Nintendo Switch & Switch Lite,https://www.nshop.com.vn/products/hasbro-game-night-nintendo-switch
SW021 - LEGO City Undercover,"880,000 ₫",Game Cho Nintendo Switch & Switch Lite,https://www.nshop.com.vn/products/lego-city-undercover-switch
SW032 - Lego Worlds,"650,000 ₫",Game Cho Nintendo Switch & Switch Lite,https://www.nshop.com.vn/products/lego-worlds-switch
SW030 - Resident Evil: Revelations Collection,"880,000 ₫",Game Cho Nintendo Switch & Switch Lite,https://www.nshop.com.vn/products/resident-evil-revelations-collection-switch
SW031 - Xenoblade Chronicles 2,"1,280,000 ₫",Game Cho Nintendo Switch & Switch Lite,https://www.nshop.com.vn/products/xenoblade-chronicles-2-switch
SW029 - The Elder Scrolls V: Skyrim,"1,350,000 ₫",Game Cho Nintendo Switch & Switch Lite,https://www.nshop.com.vn/products/the-elder-scrolls-v-skyrim-switch
SW039 - Bayonetta 2 cho Nintendo Switch,"1,200,000 ₫",Game Cho Nintendo Switch & Switch Lite,https://www.nshop.com.vn/products/bayonetta-2-switch
SW037 - Kirby Star Allies,"1,300,000 ₫",Game Cho Nintendo Switch & Switch Lite,https://www.nshop.com.vn/products/kirby-star-allies-switch
SW040 - Donkey Kong Country: Tropical Freeze,"1,350,000 ₫",Game Cho Nintendo Switch & Switch Lite,https://www.nshop.com.vn/products/donkey-kong-country-tropical-freeze-switch
SW084 - Tales of Vesperia: Definitive Edition cho Nintendo Switch,"880,000 ₫",Game Cho Nintendo Switch & Switch Lite,https://www.nshop.com.vn/products/tales-of-vesperia-definitive-edition-nintendo-switch
SW045 - Hyrule Warriors: Definitive Edition,"1,180,000 ₫",Game Cho Nintendo Switch & Switch Lite,https://www.nshop.com.vn/products/hyrule-warriors-definitive-edition-switch
SW046 - Mega Man Legacy Collection 1 + 2,"750,000 ₫",Game Cho Nintendo Switch & Switch Lite,https://www.nshop.com.vn/products/mega-man-legacy-collection-1-2-switch
SW043 - Nintendo Labo Customization Set - Bộ phụ kiện bổ trợ Toy-con 2,"450,000 ₫",Phụ kiện Nintendo Switch,https://www.nshop.com.vn/products/nintendo-labo-customization-set-switch
SW087 - Travis Strikes Again: No More Heroes cho Nintendo Switch,"990,000 ₫",Game Cho Nintendo Switch & Switch Lite,https://www.nshop.com.vn/products/travis-strikes-again-no-more-heroes-nintendo-switch
SW088 - Chocobo's Mystery Dungeon EVERY BUDDY! cho Nintendo Switch,"1,150,000 ₫",Game Cho Nintendo Switch & Switch Lite,https://www.nshop.com.vn/products/chocobos-mystery-dungeon-every-buddy-nintendo-switch
SW091 - World of Final Fantasy MAXIMA cho Nintendo Switch,"1,150,000 ₫",Game Cho Nintendo Switch & Switch Lite,https://www.nshop.com.vn/products/world-of-final-fantasy-maxima-nintendo-switch
SW089A - Dead Or Alive Xtreme 3: Scarlet cho Nintendo Switch,"1,580,000 ₫",Game Cho Nintendo Switch & Switch Lite,https://www.nshop.com.vn/products/dead-or-alive-xtreme-3-scarlet-nintendo-switch
SW093 - Titan Quest cho Nintendo Switch,"990,000 ₫",Game Cho Nintendo Switch & Switch Lite,https://www.nshop.com.vn/products/titan-quest-nintendo-switch
SW094 - Final Fantasy X | X-2 HD Remaster cho Nintendo Switch,"880,000 ₫",Game Cho Nintendo Switch & Switch Lite,https://www.nshop.com.vn/products/final-fantasy-x-2-hd-remaster-nintendo-switch
SW096 - Phoenix Wright: Ace Attorney Trilogy cho Nintendo Switch,"1,150,000 ₫",Game Cho Nintendo Switch & Switch Lite,https://www.nshop.com.vn/products/phoenix-wright-ace-attorney-trilogy-nintendo-switch
SW097 - Dragon’s Dogma: Dark Arisen cho Nintendo Switch,"880,000 ₫",Game Cho Nintendo Switch & Switch Lite,https://www.nshop.com.vn/products/dragons-dogma-dark-arisen-nintendo-switch
SW092 - Yoshi's Crafted World cho Nintendo Switch,"1,350,000 ₫",Game Cho Nintendo Switch & Switch Lite,https://www.nshop.com.vn/products/yoshis-crafted-world-nintendo-switch
SW098 - Final Fantasy XII: The Zodiac Age cho Nintendo Switch,"880,000 ₫",Game Cho Nintendo Switch & Switch Lite,https://www.nshop.com.vn/products/final-fantasy-xii-the-zodiac-age-nintendo-switch
SW102 - Sid Meier's Civilization VI cho Nintendo Switch,"990,000 ₫",Game Cho Nintendo Switch & Switch Lite,https://www.nshop.com.vn/products/sid-meiers-civilization-vi-nintendo-switch
SW099 - Mortal Kombat 11 cho Nintendo Switch,"850,000 ₫",Game Cho Nintendo Switch & Switch Lite,https://www.nshop.com.vn/products/mortal-kombat-11-nintendo-switch
SW105 - Sword Art Online: Hollow Realization Deluxe Edition cho Nintendo Switch,"1,250,000 ₫",Game Cho Nintendo Switch & Switch Lite,https://www.nshop.com.vn/products/sword-art-online-hollow-realization-nintendo-switch
SW104 - Assassin's Creed III Remastered cho Nintendo Switch,"850,000 ₫",Game Cho Nintendo Switch & Switch Lite,https://www.nshop.com.vn/products/assassin-s-creed-iii-remastered-nintendo-switch
SW106 - CTR Crash Team Racing Nitro - Fueled cho Nintendo Switch (Đua xe cáo),"990,000 ₫",Game Cho Nintendo Switch & Switch Lite,https://www.nshop.com.vn/products/dua-xe-cao-ctr-nintendo-switch
SW140 - Digimon Story Cyber Sleuth: Complete Edition cho Nintendo Switch,"1,180,000 ₫",Game Cho Nintendo Switch & Switch Lite,https://www.nshop.com.vn/products/digimon-story-cyber-sleuth-nintendo-switch
SW143 - Luigi's Mansion 3 cho Nintendo Switch,"1,280,000 ₫",Game Cho Nintendo Switch & Switch Lite,https://www.nshop.com.vn/products/luigi-s-mansion-3-nintendo-switch
SW146A - Pokemon Sword cho Nintendo Switch,"1,250,000 ₫",Game Cho Nintendo Switch & Switch Lite,https://www.nshop.com.vn/products/pokemon-sword-nintendo-switch
SW142 - Yooka-Laylee and the Impossible Lair cho Nintendo Switch,"780,000 ₫",Game Cho Nintendo Switch & Switch Lite,https://www.nshop.com.vn/products/yooka-laylee-impossible-lair-nintendo-switch
SW146B - Pokemon Shield cho Nintendo Switch,"1,250,000 ₫",Game Cho Nintendo Switch & Switch Lite,https://www.nshop.com.vn/products/pokemon-shield-nintendo-switch
SW154 - Warriors Orochi 4 cho Nintendo Switch,"880,000 ₫",Game Cho Nintendo Switch & Switch Lite,https://www.nshop.com.vn/products/warriors-orochi-4-ultimate-nintendo-switch
SW162 - Dead Cells cho Nintendo Switch,"850,000 ₫",Game Cho Nintendo Switch & Switch Lite,https://www.nshop.com.vn/products/dead-cells-nintendo-switch
SW166 - Layton's Mystery Journey: Katrielle and the Millionaires' Conspiracy - Deluxe Edition cho Nintendo Switch,"800,000 ₫",Game Cho Nintendo Switch & Switch Lite,https://www.nshop.com.vn/products/layton-s-mystery-journey-katrielle-nintendo-switch
SW167 - Pokemon Mystery Dungeon: Rescue Team DX cho Nintendo Switch,"1,200,000 ₫",Game Cho Nintendo Switch & Switch Lite,https://www.nshop.com.vn/products/pokemon-mystery-dungeon-rescue-team-dx-nintendo-switch
SW164 - Disgaea 1 Complete cho Nintendo Switch,"780,000 ₫",Game Cho Nintendo Switch & Switch Lite,https://www.nshop.com.vn/products/disgaea-1-complete-nintendo-switch
SW165 - Bubble Bobble 4 Friends cho Nintendo Switch,"900,000 ₫",Game Cho Nintendo Switch & Switch Lite,https://www.nshop.com.vn/products/bubble-bobble-4-friends-nintendo-switch
SW200 - Jump Force Deluxe Edition cho Nintendo Switch,"1,250,000 ₫",Game Cho Nintendo Switch & Switch Lite,https://www.nshop.com.vn/products/jump-force-deluxe-nintendo-switch
SW202 - Super Mario 3D All Stars cho Nintendo Switch,"1,300,000 ₫",Game Cho Nintendo Switch & Switch Lite,https://www.nshop.com.vn/products/super-mario-3d-all-stars-nintendo-switch
SW205 - Burnout Paradise Remastered cho Nintendo Switch,"990,000 ₫",Game Cho Nintendo Switch & Switch Lite,https://www.nshop.com.vn/products/burnout-paradise-nintendo-switch
SW203 - Minecraft Dungeons Ultimate Edition cho Nintendo Switch,"990,000 ₫",Game Cho Nintendo Switch & Switch Lite,https://www.nshop.com.vn/products/minecraft-dungeons-nintendo-switch
SW171 - Resident Evil Triple Pack cho Nintendo Switch,"1,050,000 ₫",Game Cho Nintendo Switch & Switch Lite,https://www.nshop.com.vn/products/resident-evil-triple-pack-nintendo-switch
SW207B - Mario Kart Live Home Circuit - Luigi Version cho Nintendo Switch,-33%,Game Cho Nintendo Switch & Switch Lite,https://www.nshop.com.vn/products/mario-kart-live-home-circuit-luigi
SW207A - Mario Kart Live Home Circuit - Mario Version cho Nintendo Switch,-33%,Game Cho Nintendo Switch & Switch Lite,https://www.nshop.com.vn/products/mario-kart-live-home-circuit-mario
SW172 - Samurai Shodown cho Nintendo Switch,"990,000 ₫",Game Cho Nintendo Switch & Switch Lite,https://www.nshop.com.vn/products/samurai-shodown-nintendo-switch
SW208 - Stardew Valley cho Nintendo Switch,"990,000 ₫",Game Cho Nintendo Switch & Switch Lite,https://www.nshop.com.vn/products/stardew-valley-nintendo-switch
SW210A - Sakuna Of Rice and Ruin cho Nintendo Switch,"880,000 ₫",Game Cho Nintendo Switch & Switch Lite,https://www.nshop.com.vn/products/sakuna-of-rice-and-ruin-nintendo-switch
SW212 - Hyrule Warriors Age of Calamity cho Nintendo Switch,"1,250,000 ₫",Game Cho Nintendo Switch & Switch Lite,https://www.nshop.com.vn/products/hyrule-warriors-age-calamity-switch
SW209 - Pikmin 3 Deluxe cho Nintendo Switch,"1,280,000 ₫",Game Cho Nintendo Switch & Switch Lite,https://www.nshop.com.vn/products/pikmin-3-deluxe-nintendo-switch
SW213 - Need for Speed Hot Pursuit Remastered cho Nintendo Switch,"990,000 ₫",Game Cho Nintendo Switch & Switch Lite,https://www.nshop.com.vn/products/need-for-speed-hot-pursuit-nintendo-switch
SW219 - Fitness Boxing 2 Rhythm & Exercise cho Nintendo Switch,"1,250,000 ₫",Game Cho Nintendo Switch & Switch Lite,https://www.nshop.com.vn/products/fitness-boxing-2-nintendo-switch
SW218 - Immortals Fenyx Rising cho Nintendo Switch,"880,000 ₫",Game Cho Nintendo Switch & Switch Lite,https://www.nshop.com.vn/products/immortals-fenyx-rising-nintendo-switch
SW220 - Super Mario 3D World + Bowser’s Fury cho Nintendo Switch,"1,250,000 ₫",Game Cho Nintendo Switch & Switch Lite,https://www.nshop.com.vn/products/super-mario-3d-world-bowser-s-fury-nintendo-switch
SW223 - Little Nightmares II cho Nintendo Switch,"1,080,000 ₫",Game Cho Nintendo Switch & Switch Lite,https://www.nshop.com.vn/products/little-nightmares-ii-nintendo-switch
SW225 - Persona 5 Strikers cho Nintendo Switch,"990,000 ₫",Game Cho Nintendo Switch & Switch Lite,https://www.nshop.com.vn/products/persona-5-strikers-nintendo-switch
SW224 - Bravely Default II cho Nintendo Switch,"1,250,000 ₫",Game Cho Nintendo Switch & Switch Lite,https://www.nshop.com.vn/products/bravely-default-ii-nintendo-switch
SW249 - Darksiders 3 cho Nintendo Switch,"1,000,000 ₫",Game Cho Nintendo Switch & Switch Lite,https://www.nshop.com.vn/products/darksiders-3-cho-nintendo-switch
SW248 - Ys IX Monstrum Nox - Pact Edition cho Nintendo Switch,"1,300,000 ₫",Game Cho Nintendo Switch & Switch Lite,https://www.nshop.com.vn/products/ys-ix-monstrum-nox-nintendo-switch
SW251 - WarioWare Get It Together cho Nintendo Switch,"1,150,000 ₫",Game Cho Nintendo Switch & Switch Lite,https://www.nshop.com.vn/products/warioware-get-it-together-cho-nintendo-switch
SW113 - God Eater 3 cho Nintendo Switch,"990,000 ₫",Game Cho Nintendo Switch & Switch Lite,https://www.nshop.com.vn/products/god-eater-3-nintendo-switch
SW256 - Shin Megami Tensei V cho Nintendo Switch,"1,250,000 ₫",Game Cho Nintendo Switch & Switch Lite,https://www.nshop.com.vn/products/shin-megami-tensei-v-nintendo-switch
SW252 - Sonic Colors Ultimate cho Nintendo Switch,"990,000 ₫",Game Cho Nintendo Switch & Switch Lite,https://www.nshop.com.vn/products/sonic-colors-ultimate-cho-nintendo-switch
SW253 - Mario Party Superstars cho Nintendo Switch,"1,300,000 ₫",Game Cho Nintendo Switch & Switch Lite,https://www.nshop.com.vn/products/mario-party-superstars-nintendo-switch
SW247B - Metroid Dread Special Edition cho Nintendo Switch,-7%,Game Cho Nintendo Switch & Switch Lite,https://www.nshop.com.vn/products/metroid-dread-special-edition-cho-nintendo-switch
SW257 - Ni no Kuni 2: Revenant Kingdom PRINCE'S EDITION cho Nintendo Switch,"1,280,000 ₫",Game Cho Nintendo Switch & Switch Lite,https://www.nshop.com.vn/products/ni-no-kuni-2-revenant-kingdom-prince-s-edition
SW259 - Dying Light Platinum Edition cho Nintendo Switch,"1,150,000 ₫",Game Cho Nintendo Switch & Switch Lite,https://www.nshop.com.vn/products/dying-light-platinum-nintendo-switch
SW260 - Shin Megami Tensei III Nocturne HD Remaster cho Nintendo Switch,"1,250,000 ₫",Game Cho Nintendo Switch & Switch Lite,https://www.nshop.com.vn/products/shin-megami-tensei-iii-nocturne-hd-nintendo-switch
SW261 - Family Trainer tặng kèm 1 Leg Band cho Nintendo Switch,"1,380,000 ₫",Game Cho Nintendo Switch & Switch Lite,https://www.nshop.com.vn/products/family-trainer-1-leg-band-nintendo-switch
SW258 - No More Heroes 3 cho Nintendo Switch,"1,150,000 ₫",Game Cho Nintendo Switch & Switch Lite,https://www.nshop.com.vn/products/no-more-heroes-3-nintendo-switch
SW262 - Big Brain Academy: Brain vs. Brain cho Nintendo Switch,"850,000 ₫",Game Cho Nintendo Switch & Switch Lite,https://www.nshop.com.vn/products/big-brain-academy-brain-vs-brain-cho-nintendo-switch
SW289 - Teenage Mutant Ninja Turtles Shredder’s Revenge cho Nintendo Switch,"990,000 ₫",Game Cho Nintendo Switch & Switch Lite,https://www.nshop.com.vn/products/teenage-mutant-ninja-turtles-shredder-s-revenge-nintendo-switch
SW288 - Crysis Remastered cho Nintendo Switch,"950,000 ₫",Game Cho Nintendo Switch & Switch Lite,https://www.nshop.com.vn/products/crysis-remastered-nintendo-switch
SW287 - Digimon Survive cho Nintendo Switch,"1,280,000 ₫",Game Cho Nintendo Switch & Switch Lite,https://www.nshop.com.vn/products/digimon-survive-cho-nintendo-switch
SW290 - Cities Skylines Nintendo Switch Edition cho Nintendo Switch,"950,000 ₫",Game Cho Nintendo Switch & Switch Lite,https://www.nshop.com.vn/products/cities-skylines-nintendo-switch-edition
SW250 - The Great Ace Attorney Chronicles cho Nintendo Switch,"1,080,000 ₫",Game Cho Nintendo Switch & Switch Lite,https://www.nshop.com.vn/products/the-great-ace-attorney-chronicles-cho-nintendo-switch
SW292 - Lego Brawls cho Nintendo Switch,"950,000 ₫",Game Cho Nintendo Switch & Switch Lite,https://www.nshop.com.vn/products/lego-brawls-nintendo-switch
SW294 - Splatoon 3 cho Nintendo Switch,"1,300,000 ₫",Game Cho Nintendo Switch & Switch Lite,https://www.nshop.com.vn/products/splatoon-3-nintendo-switch
SW293 - Little Nightmares I & II cho Nintendo Switch,"1,080,000 ₫",Game Cho Nintendo Switch & Switch Lite,https://www.nshop.com.vn/products/little-nightmares-i-ii-nintendo-switch
SW291 - Two Point Campus Enrolment Edition cho Nintendo Switch,"1,050,000 ₫",Game Cho Nintendo Switch & Switch Lite,https://www.nshop.com.vn/products/two-point-campus-enrolment-edition-nintendo-switch
SW297 - FIFA 23 Legacy Edition cho Nintendo Switch,"1,080,000 ₫",Game Cho Nintendo Switch & Switch Lite,https://www.nshop.com.vn/products/fifa-23-nintendo-switch
SW263 - Pokemon Legends Arceus cho Nintendo Switch,"1,350,000 ₫",Game Cho Nintendo Switch & Switch Lite,https://www.nshop.com.vn/products/pokemon-legends-arceus-nintendo-switch
SW295 - The DioField Chronicle cho Nintendo Switch,"1,100,000 ₫",Game Cho Nintendo Switch & Switch Lite,https://www.nshop.com.vn/products/the-diofield-chronicle-nintendo-switch
SW300 - Bayonetta cho Nintendo Switch,"880,000 ₫",Game Cho Nintendo Switch & Switch Lite,https://www.nshop.com.vn/products/bayonetta-nintendo-switch
SW296 - Taiko no Tatsujin Rhythm Festival cho Nintendo Switch,"1,280,000 ₫",Game Cho Nintendo Switch & Switch Lite,https://www.nshop.com.vn/products/taiko-no-tatsujin-rhythm-festival-nintendo-switch
SW299 - Star Wars Jedi Knight Collection cho Nintendo Switch,"900,000 ₫",Game Cho Nintendo Switch & Switch Lite,https://www.nshop.com.vn/products/star-wars-jedi-knight-collection-nintendo-switch
SW300B - Pokemon Shining Pearl cho Nintendo Switch,"1,350,000 ₫",Game Cho Nintendo Switch & Switch Lite,https://www.nshop.com.vn/products/pokemon-shining-pearl-nintendo-switch
SW324 - Bayonetta Origins Cereza and the Lost Demon cho Nintendo Switch,"1,250,000 ₫",Game Cho Nintendo Switch & Switch Lite,https://www.nshop.com.vn/products/bayonetta-origins-cereza-and-the-lost-demon-cho-nintendo-switch
SW301 - NieR Automata The End of YoRHa Edition cho Nintendo Switch,"1,080,000 ₫",Game Cho Nintendo Switch & Switch Lite,https://www.nshop.com.vn/products/nier-automata-the-end-of-yorha-edition-nintendo-switch
SW300A - Pokemon Brilliant Diamond cho Nintendo Switch,"1,350,000 ₫",Game Cho Nintendo Switch & Switch Lite,https://www.nshop.com.vn/products/pokemon-brilliant-diamond-nintendo-switch
SW325 - Fatal Frame Mask of the Lunar Eclipse cho Nintendo Switch,"1,480,000 ₫",Game Cho Nintendo Switch & Switch Lite,https://www.nshop.com.vn/products/fatal-frame-mask-of-the-lunar-eclipse-cho-nintendo-switch
SW326 - Atelier Ryza 3 Alchemist of the End & the Secret Key cho Nintendo Switch,"1,250,000 ₫",Game Cho Nintendo Switch & Switch Lite,https://www.nshop.com.vn/products/atelier-ryza-3-alchemist-of-the-end-the-secret-key-nintendo-switch
SW327 - Advance Wars 1+2: Re-Boot Camp cho Nintendo Switch,"1,300,000 ₫",Game Cho Nintendo Switch & Switch Lite,https://www.nshop.com.vn/products/advance-wars-1-2-re-boot-camp-nintendo-switch
SW328 - Minecraft Legends Deluxe Edition cho Nintendo Switch,"1,150,000 ₫",Game Cho Nintendo Switch & Switch Lite,https://www.nshop.com.vn/products/minecraft-legends-deluxe-edition-nintendo-switch
SW329 - Mega Man Battle Network Legacy Collection cho Nintendo Switch,"1,200,000 ₫",Game Cho Nintendo Switch & Switch Lite,https://www.nshop.com.vn/products/mega-man-battle-network-legacy-collection-nintendo-switch
SW331 - Everybody 1-2-Switch cho Nintendo Switch,"880,000 ₫",Game Cho Nintendo Switch & Switch Lite,https://www.nshop.com.vn/products/everybody-1-2-switch-nintendo
SW330 - Story of Seasons A Wonderful Life cho Nintendo Switch,"1,200,000 ₫",Game Cho Nintendo Switch & Switch Lite,https://www.nshop.com.vn/products/story-of-seasons-wonderful-life-nintendo-switch
SW332 - Pikmin 4 cho Nintendo Switch,"1,180,000 ₫",Game Cho Nintendo Switch & Switch Lite,https://www.nshop.com.vn/products/pikmin-4-cho-nintendo-switch
SW300C - Pokemon Brilliant Diamond and Shining Pearl Double Pack,"2,690,000 ₫",Game Cho Nintendo Switch & Switch Lite,https://www.nshop.com.vn/products/pokemon-brilliant-diamond-shining-pearl-double-pack
SW345A - Pokemon Scarlet cho Nintendo Switch,"1,380,000 ₫",Game Cho Nintendo Switch & Switch Lite,https://www.nshop.com.vn/products/pokemon-scarlet-nintendo-switch
SW345B - Pokemon Violet cho Nintendo Switch,"1,380,000 ₫",Game Cho Nintendo Switch & Switch Lite,https://www.nshop.com.vn/products/pokemon-violet-nintendo-switch
SW380 - The Legend of Zelda Tears of the Kingdom cho Nintendo Switch,"1,480,000 ₫",Game Cho Nintendo Switch & Switch Lite,https://www.nshop.com.vn/products/the-legend-of-zelda-tears-of-the-kingdom-switch
